<odoo>
  <record id="cluster_1" model="scs.cluster">
    <field name="name">Legislative Environment</field>
    <field name="code">1</field>
    <field name="sequence">1</field>
  </record>
  <record id="competency_1_1" model="scs.competency">
    <field name="name">Legislative Regulatory Framework</field>
    <field name="code">1.1</field>
    <field name="cluster_id" ref="cluster_1"/>
  </record>
  <record id="competency_1_2" model="scs.competency">
    <field name="name">Departmental policies and procedures</field>
    <field name="code">1.2</field>
    <field name="cluster_id" ref="cluster_1"/>
  </record>
  <record id="cluster_2" model="scs.cluster">
    <field name="name">Supply Chain Strategy</field>
    <field name="code">2</field>
    <field name="sequence">2</field>
  </record>
  <record id="competency_2_1" model="scs.competency">
    <field name="name">Planning and strategic supply chain alignment and integration</field>
    <field name="code">2.1</field>
    <field name="cluster_id" ref="cluster_2"/>
  </record>
  <record id="competency_2_2" model="scs.competency">
    <field name="name">Demand planning and forecasting</field>
    <field name="code">2.2</field>
    <field name="cluster_id" ref="cluster_2"/>
  </record>
  <record id="competency_2_3" model="scs.competency">
    <field name="name">Global supply chain</field>
    <field name="code">2.3</field>
    <field name="cluster_id" ref="cluster_2"/>
  </record>
  <record id="cluster_3" model="scs.cluster">
    <field name="name">Institutionalization</field>
    <field name="code">3</field>
    <field name="sequence">3</field>
  </record>
  <record id="competency_3_1" model="scs.competency">
    <field name="name">Establishment of the supply chain management system</field>
    <field name="code">3.1</field>
    <field name="cluster_id" ref="cluster_3"/>
  </record>
  <record id="competency_3_2" model="scs.competency">
    <field name="name">SCM governance</field>
    <field name="code">3.2</field>
    <field name="cluster_id" ref="cluster_3"/>
  </record>
  <record id="competency_3_3" model="scs.competency">
    <field name="name">SCM committee system</field>
    <field name="code">3.3</field>
    <field name="cluster_id" ref="cluster_3"/>
  </record>
  <record id="competency_3_4" model="scs.competency">
    <field name="name">SCM Secretariat and Support Services</field>
    <field name="code">3.4</field>
    <field name="cluster_id" ref="cluster_3"/>
  </record>
  <record id="competency_3_5" model="scs.competency">
    <field name="name">Individual capacity development in the SCM system</field>
    <field name="code">3.5</field>
    <field name="cluster_id" ref="cluster_3"/>
  </record>
  <record id="competency_3_6" model="scs.competency">
    <field name="name">SCM advocacy and internal stakeholder relationship management</field>
    <field name="code">3.6</field>
    <field name="cluster_id" ref="cluster_3"/>
  </record>
  <record id="competency_3_7" model="scs.competency">
    <field name="name">Sustainability, social and environmental factors in the SCM system</field>
    <field name="code">3.7</field>
    <field name="cluster_id" ref="cluster_3"/>
  </record>
  <record id="competency_3_8" model="scs.competency">
    <field name="name">Process ownership and management in the SCM system</field>
    <field name="code">3.8</field>
    <field name="cluster_id" ref="cluster_3"/>
  </record>
  <record id="competency_3_9" model="scs.competency">
    <field name="name">SCM master data management</field>
    <field name="code">3.9</field>
    <field name="cluster_id" ref="cluster_3"/>
  </record>
  <record id="competency_3_10" model="scs.competency">
    <field name="name">Internal controls in the SCM System</field>
    <field name="code">3.10</field>
    <field name="cluster_id" ref="cluster_3"/>
  </record>
  <record id="competency_3_11" model="scs.competency">
    <field name="name">Technology in the SCM system</field>
    <field name="code">3.11</field>
    <field name="cluster_id" ref="cluster_3"/>
  </record>
  <record id="competency_3_12" model="scs.competency">
    <field name="name">Performance management in the SCM system</field>
    <field name="code">3.12</field>
    <field name="cluster_id" ref="cluster_3"/>
  </record>
  <record id="competency_3_13" model="scs.competency">
    <field name="name">Supplier relationship management</field>
    <field name="code">3.13</field>
    <field name="cluster_id" ref="cluster_3"/>
  </record>
  <record id="cluster_4" model="scs.cluster">
    <field name="name">Strategic Sourcing</field>
    <field name="code">4</field>
    <field name="sequence">4</field>
  </record>
  <record id="competency_4_1" model="scs.competency">
    <field name="name">Analysis of the supply environment</field>
    <field name="code">4.1</field>
    <field name="cluster_id" ref="cluster_4"/>
  </record>
  <record id="competency_4_2" model="scs.competency">
    <field name="name">Total cost of ownership (TCO)</field>
    <field name="code">4.2</field>
    <field name="cluster_id" ref="cluster_4"/>
  </record>
  <record id="competency_4_3" model="scs.competency">
    <field name="name">Conduct a market analysis</field>
    <field name="code">4.3</field>
    <field name="cluster_id" ref="cluster_4"/>
  </record>
  <record id="competency_4_4" model="scs.competency">
    <field name="name">Analyze products and services required</field>
    <field name="code">4.4</field>
    <field name="cluster_id" ref="cluster_4"/>
  </record>
  <record id="competency_4_5" model="scs.competency">
    <field name="name">Conduct a spend analysis</field>
    <field name="code">4.5</field>
    <field name="cluster_id" ref="cluster_4"/>
  </record>
  <record id="competency_4_6" model="scs.competency">
    <field name="name">Supply base analysis</field>
    <field name="code">4.6</field>
    <field name="cluster_id" ref="cluster_4"/>
  </record>
  <record id="competency_4_7" model="scs.competency">
    <field name="name">Sourcing segmentation</field>
    <field name="code">4.7</field>
    <field name="cluster_id" ref="cluster_4"/>
  </record>
  <record id="competency_4_8" model="scs.competency">
    <field name="name">Supplier classification and positioning</field>
    <field name="code">4.8</field>
    <field name="cluster_id" ref="cluster_4"/>
  </record>
  <record id="competency_4_9" model="scs.competency">
    <field name="name">Category and portfolio management</field>
    <field name="code">4.9</field>
    <field name="cluster_id" ref="cluster_4"/>
  </record>
  <record id="cluster_5" model="scs.cluster">
    <field name="name">Demand Management</field>
    <field name="code">5</field>
    <field name="sequence">5</field>
  </record>
  <record id="competency_5_1" model="scs.competency">
    <field name="name">Needs analysis</field>
    <field name="code">5.1</field>
    <field name="cluster_id" ref="cluster_5"/>
  </record>
  <record id="competency_5_2" model="scs.competency">
    <field name="name">Confirmation of funding</field>
    <field name="code">5.2</field>
    <field name="cluster_id" ref="cluster_5"/>
  </record>
  <record id="competency_5_3" model="scs.competency">
    <field name="name">Review and compilation of specifications and/or terms of reference</field>
    <field name="code">5.3</field>
    <field name="cluster_id" ref="cluster_5"/>
  </record>
  <record id="competency_5_4" model="scs.competency">
    <field name="name">Supplier database</field>
    <field name="code">5.4</field>
    <field name="cluster_id" ref="cluster_5"/>
  </record>
  <record id="competency_5_5" model="scs.competency">
    <field name="name">Annual procurement plan</field>
    <field name="code">5.5</field>
    <field name="cluster_id" ref="cluster_5"/>
  </record>
  <record id="competency_5_6" model="scs.competency">
    <field name="name">Compilation of bid documentation</field>
    <field name="code">5.6</field>
    <field name="cluster_id" ref="cluster_5"/>
  </record>
  <record id="cluster_6" model="scs.cluster">
    <field name="name">Acquisition Management</field>
    <field name="code">6</field>
    <field name="sequence">6</field>
  </record>
  <record id="competency_6_1" model="scs.competency">
    <field name="name">Receipt and opening of bids</field>
    <field name="code">6.1</field>
    <field name="cluster_id" ref="cluster_6"/>
  </record>
  <record id="competency_6_2" model="scs.competency">
    <field name="name">Evaluation and adjudication of bids</field>
    <field name="code">6.2</field>
    <field name="cluster_id" ref="cluster_6"/>
  </record>
  <record id="competency_6_3" model="scs.competency">
    <field name="name">Compilation of a list of prospective service providers (quotations)</field>
    <field name="code">6.3</field>
    <field name="cluster_id" ref="cluster_6"/>
  </record>
  <record id="competency_6_4" model="scs.competency">
    <field name="name">Analysis of procurement requests (quotations)</field>
    <field name="code">6.4</field>
    <field name="cluster_id" ref="cluster_6"/>
  </record>
  <record id="competency_6_5" model="scs.competency">
    <field name="name">Sourcing and pre-qualifying suppliers</field>
    <field name="code">6.5</field>
    <field name="cluster_id" ref="cluster_6"/>
  </record>
  <record id="competency_6_6" model="scs.competency">
    <field name="name">Negotiating with suppliers</field>
    <field name="code">6.6</field>
    <field name="cluster_id" ref="cluster_6"/>
  </record>
  <record id="competency_6_7" model="scs.competency">
    <field name="name">Contracting with organs of state</field>
    <field name="code">6.7</field>
    <field name="cluster_id" ref="cluster_6"/>
  </record>
  <record id="competency_6_8" model="scs.competency">
    <field name="name">Acquisition methods</field>
    <field name="code">6.8</field>
    <field name="cluster_id" ref="cluster_6"/>
  </record>
  <record id="cluster_7" model="scs.cluster">
    <field name="name">Logistics Management</field>
    <field name="code">7</field>
    <field name="sequence">7</field>
  </record>
  <record id="competency_7_1" model="scs.competency">
    <field name="name">Inventory management</field>
    <field name="code">7.1</field>
    <field name="cluster_id" ref="cluster_7"/>
  </record>
  <record id="competency_7_2" model="scs.competency">
    <field name="name">Requisition of goods and services</field>
    <field name="code">7.2</field>
    <field name="cluster_id" ref="cluster_7"/>
  </record>
  <record id="competency_7_3" model="scs.competency">
    <field name="name">Placing orders</field>
    <field name="code">7.3</field>
    <field name="cluster_id" ref="cluster_7"/>
  </record>
  <record id="competency_7_4" model="scs.competency">
    <field name="name">Receiving goods</field>
    <field name="code">7.4</field>
    <field name="cluster_id" ref="cluster_7"/>
  </record>
  <record id="competency_7_5" model="scs.competency">
    <field name="name">Returning goods</field>
    <field name="code">7.5</field>
    <field name="cluster_id" ref="cluster_7"/>
  </record>
  <record id="competency_7_6" model="scs.competency">
    <field name="name">Goods distribution</field>
    <field name="code">7.6</field>
    <field name="cluster_id" ref="cluster_7"/>
  </record>
  <record id="competency_7_7" model="scs.competency">
    <field name="name">Warehouse management</field>
    <field name="code">7.7</field>
    <field name="cluster_id" ref="cluster_7"/>
  </record>
  <record id="competency_7_8" model="scs.competency">
    <field name="name">Stock taking</field>
    <field name="code">7.8</field>
    <field name="cluster_id" ref="cluster_7"/>
  </record>
  <record id="competency_7_9" model="scs.competency">
    <field name="name">Matching documentation</field>
    <field name="code">7.9</field>
    <field name="cluster_id" ref="cluster_7"/>
  </record>
  <record id="competency_7_10" model="scs.competency">
    <field name="name">Preparation of documentation for payment/accounts payable</field>
    <field name="code">7.10</field>
    <field name="cluster_id" ref="cluster_7"/>
  </record>
  <record id="cluster_8" model="scs.cluster">
    <field name="name">Disposal Management</field>
    <field name="code">8</field>
    <field name="sequence">8</field>
  </record>
  <record id="competency_8_1" model="scs.competency">
    <field name="name">Preparation for disposal</field>
    <field name="code">8.1</field>
    <field name="cluster_id" ref="cluster_8"/>
  </record>
  <record id="competency_8_2" model="scs.competency">
    <field name="name">Disposal process</field>
    <field name="code">8.2</field>
    <field name="cluster_id" ref="cluster_8"/>
  </record>
  <record id="cluster_9" model="scs.cluster">
    <field name="name">Contract Management</field>
    <field name="code">9</field>
    <field name="sequence">9</field>
  </record>
  <record id="competency_9_1" model="scs.competency">
    <field name="name">Contract initiation</field>
    <field name="code">9.1</field>
    <field name="cluster_id" ref="cluster_9"/>
  </record>
  <record id="competency_9_2" model="scs.competency">
    <field name="name">Contract Administration</field>
    <field name="code">9.2</field>
    <field name="cluster_id" ref="cluster_9"/>
  </record>
  <record id="competency_9_3" model="scs.competency">
    <field name="name">Management of  contract performance</field>
    <field name="code">9.3</field>
    <field name="cluster_id" ref="cluster_9"/>
  </record>
  <record id="competency_9_4" model="scs.competency">
    <field name="name">Legal aspects of contracts</field>
    <field name="code">9.4</field>
    <field name="cluster_id" ref="cluster_9"/>
  </record>
  <record id="competency_9_5" model="scs.competency">
    <field name="name">Managing and resolving disputes with suppliers</field>
    <field name="code">9.5</field>
    <field name="cluster_id" ref="cluster_9"/>
  </record>
  <record id="cluster_10" model="scs.cluster">
    <field name="name">Risk Management</field>
    <field name="code">10</field>
    <field name="sequence">10</field>
  </record>
  <record id="competency_10_1" model="scs.competency">
    <field name="name">Management of risk in the SCM System</field>
    <field name="code">10.1</field>
    <field name="cluster_id" ref="cluster_10"/>
  </record>
  <record id="competency_10_2" model="scs.competency">
    <field name="name">Fraud prevention in the SCM System</field>
    <field name="code">10.2</field>
    <field name="cluster_id" ref="cluster_10"/>
  </record>
  <record id="cluster_11" model="scs.cluster">
    <field name="name">Performance Management</field>
    <field name="code">11</field>
    <field name="sequence">11</field>
  </record>
  <record id="competency_11_1" model="scs.competency">
    <field name="name">SCM performance review</field>
    <field name="code">11.1</field>
    <field name="cluster_id" ref="cluster_11"/>
  </record>
  <record id="competency_11_2" model="scs.competency">
    <field name="name">Supplier performance management</field>
    <field name="code">11.2</field>
    <field name="cluster_id" ref="cluster_11"/>
  </record>
  <record id="cluster_12" model="scs.cluster">
    <field name="name">System utilization</field>
    <field name="code">12</field>
    <field name="sequence">12</field>
  </record>
  <record id="competency_12_1" model="scs.competency">
    <field name="name">Optimal system utilization</field>
    <field name="code">12.1</field>
    <field name="cluster_id" ref="cluster_12"/>
  </record>
  <record id="cluster_13" model="scs.cluster">
    <field name="name">SCM Information Management</field>
    <field name="code">13</field>
    <field name="sequence">13</field>
  </record>
  <record id="competency_13_1" model="scs.competency">
    <field name="name">Reporting of SCM information</field>
    <field name="code">13.1</field>
    <field name="cluster_id" ref="cluster_13"/>
  </record>
  <record id="competency_13_2" model="scs.competency">
    <field name="name">Safeguarding of SCM information</field>
    <field name="code">13.2</field>
    <field name="cluster_id" ref="cluster_13"/>
  </record>
</odoo>